p_leak,tau,lens_type,lens_id,rm,stability,error
0.02,1,and,,0.317333333333,0.743,0.331333333333
0.02,1,parity,,1.12757025938e-16,0.98,0.02
0.02,1,random,0,0.01,0.5,0.499
0.02,1,random,1,1.12757025938e-16,0.98,0.02
0.02,1,random,10,0.002,0.5,0.495
0.02,1,random,11,0.002,0.5,0.495
0.02,1,random,12,0.01,0.5,0.499
0.02,1,random,13,0.01,0.5,0.499
0.02,1,random,14,0.01,0.5,0.499
0.02,1,random,15,1.12757025938e-16,0.98,0.02
0.02,1,random,16,0.002,0.5,0.495
0.02,1,random,17,1.12757025938e-16,0.98,0.02
0.02,1,random,18,0.01,0.5,0.499
0.02,1,random,19,0.002,0.5,0.495
0.02,1,random,2,0.01,0.5,0.499
0.02,1,random,20,0.01,0.5,0.499
0.02,1,random,21,0.002,0.5,0.495
0.02,1,random,22,0.002,0.5,0.495
0.02,1,random,23,0.01,0.5,0.499
0.02,1,random,24,0.002,0.5,0.495
0.02,1,random,25,0.002,0.5,0.495
0.02,1,random,26,0.002,0.5,0.495
0.02,1,random,27,1.12757025938e-16,0.98,0.02
0.02,1,random,28,0.01,0.5,0.499
0.02,1,random,29,1.12757025938e-16,0.98,0.02
0.02,1,random,3,0.002,0.5,0.495
0.02,1,random,30,1.12757025938e-16,0.98,0.02
0.02,1,random,31,0.01,0.5,0.499
0.02,1,random,32,0.002,0.5,0.495
0.02,1,random,33,1.12757025938e-16,0.98,0.02
0.02,1,random,34,0.002,0.5,0.495
0.02,1,random,35,1.12757025938e-16,0.98,0.02
0.02,1,random,36,1.12757025938e-16,0.98,0.02
0.02,1,random,37,0.002,0.5,0.495
0.02,1,random,38,1.12757025938e-16,0.98,0.02
0.02,1,random,39,1.12757025938e-16,0.98,0.02
0.02,1,random,4,0.01,0.5,0.499
0.02,1,random,40,0.01,0.5,0.499
0.02,1,random,41,0.01,0.5,0.499
0.02,1,random,42,0.002,0.5,0.495
0.02,1,random,43,0.01,0.5,0.499
0.02,1,random,44,0.01,0.5,0.499
0.02,1,random,45,0.002,0.5,0.495
0.02,1,random,46,0.002,0.5,0.495
0.02,1,random,47,0.002,0.5,0.495
0.02,1,random,48,0.002,0.5,0.495
0.02,1,random,49,0.01,0.5,0.499
0.02,1,random,5,0.01,0.5,0.499
0.02,1,random,50,0.002,0.5,0.495
0.02,1,random,51,1.12757025938e-16,0.98,0.02
0.02,1,random,52,0.01,0.5,0.499
0.02,1,random,53,1.12757025938e-16,0.98,0.02
0.02,1,random,54,0.01,0.5,0.499
0.02,1,random,55,1.12757025938e-16,0.98,0.02
0.02,1,random,56,0.002,0.5,0.495
0.02,1,random,57,1.12757025938e-16,0.98,0.02
0.02,1,random,58,1.12757025938e-16,0.98,0.02
0.02,1,random,59,0.002,0.5,0.495
0.02,1,random,6,1.12757025938e-16,0.98,0.02
0.02,1,random,7,0.002,0.5,0.495
0.02,1,random,8,1.12757025938e-16,0.98,0.02
0.02,1,random,9,1.12757025938e-16,0.98,0.02
0.02,2,and,,0.30464,0.73824,0.32816
0.02,2,parity,,5.89805981832e-17,0.9608,0.0392
0.02,2,random,0,0.00192,0.5,0.495
0.02,2,random,1,0.0096,0.5,0.499
0.02,2,random,10,0.0096,0.5,0.499
0.02,2,random,11,0.00192,0.5,0.495
0.02,2,random,12,5.89805981832e-17,0.9608,0.0392
0.02,2,random,13,0.00192,0.5,0.495
0.02,2,random,14,5.89805981832e-17,0.9608,0.0392
0.02,2,random,15,0.0096,0.5,0.499
0.02,2,random,16,0.0096,0.5,0.499
0.02,2,random,17,0.00192,0.5,0.495
0.02,2,random,18,0.0096,0.5,0.499
0.02,2,random,19,0.00192,0.5,0.495
0.02,2,random,2,5.89805981832e-17,0.9608,0.0392
0.02,2,random,20,0.00192,0.5,0.495
0.02,2,random,21,5.89805981832e-17,0.9608,0.0392
0.02,2,random,22,5.89805981832e-17,0.9608,0.0392
0.02,2,random,23,0.00192,0.5,0.495
0.02,2,random,24,0.0096,0.5,0.499
0.02,2,random,25,0.00192,0.5,0.495
0.02,2,random,26,0.00192,0.5,0.495
0.02,2,random,27,0.00192,0.5,0.495
0.02,2,random,28,0.00192,0.5,0.495
0.02,2,random,29,0.00192,0.5,0.495
0.02,2,random,3,0.0096,0.5,0.499
0.02,2,random,30,5.89805981832e-17,0.9608,0.0392
0.02,2,random,31,0.0096,0.5,0.499
0.02,2,random,32,0.00192,0.5,0.495
0.02,2,random,33,0.0096,0.5,0.499
0.02,2,random,34,0.0096,0.5,0.499
0.02,2,random,35,5.89805981832e-17,0.9608,0.0392
0.02,2,random,36,0.0096,0.5,0.499
0.02,2,random,37,0.00192,0.5,0.495
0.02,2,random,38,5.89805981832e-17,0.9608,0.0392
0.02,2,random,39,0.0096,0.5,0.499
0.02,2,random,4,0.0096,0.5,0.499
0.02,2,random,40,5.89805981832e-17,0.9608,0.0392
0.02,2,random,41,5.89805981832e-17,0.9608,0.0392
0.02,2,random,42,0.00192,0.5,0.495
0.02,2,random,43,5.89805981832e-17,0.9608,0.0392
0.02,2,random,44,5.89805981832e-17,0.9608,0.0392
0.02,2,random,45,0.0096,0.5,0.499
0.02,2,random,46,0.0096,0.5,0.499
0.02,2,random,47,0.00192,0.5,0.495
0.02,2,random,48,0.0096,0.5,0.499
0.02,2,random,49,0.0096,0.5,0.499
0.02,2,random,5,0.0096,0.5,0.499
0.02,2,random,50,0.00192,0.5,0.495
0.02,2,random,51,0.00192,0.5,0.495
0.02,2,random,52,5.89805981832e-17,0.9608,0.0392
0.02,2,random,53,0.0096,0.5,0.499
0.02,2,random,54,0.00192,0.5,0.495
0.02,2,random,55,0.00192,0.5,0.495
0.02,2,random,56,5.89805981832e-17,0.9608,0.0392
0.02,2,random,57,0.0096,0.5,0.499
0.02,2,random,58,0.0096,0.5,0.499
0.02,2,random,59,0.0096,0.5,0.499
0.02,2,random,6,0.0096,0.5,0.499
0.02,2,random,7,0.00192,0.5,0.495
0.02,2,random,8,5.89805981832e-17,0.9608,0.0392
0.02,2,random,9,0.00192,0.5,0.495
0.02,4,and,,0.280756224,0.729283584,0.322189056
0.02,4,parity,,0,0.92467328,0.07532672
0.02,4,random,0,0,0.92467328,0.07532672
0.02,4,random,1,0.00884736,0.5,0.499
0.02,4,random,10,0,0.92467328,0.07532672
0.02,4,random,11,0.001769472,0.5,0.495
0.02,4,random,12,0.001769472,0.5,0.495
0.02,4,random,13,0,0.92467328,0.07532672
0.02,4,random,14,0.001769472,0.5,0.495
0.02,4,random,15,0.001769472,0.5,0.495
0.02,4,random,16,0.001769472,0.5,0.495
0.02,4,random,17,0.001769472,0.5,0.495
0.02,4,random,18,0.00884736,0.5,0.499
0.02,4,random,19,0,0.92467328,0.07532672
0.02,4,random,2,0.00884736,0.5,0.499
0.02,4,random,20,0.00884736,0.5,0.499
0.02,4,random,21,0,0.92467328,0.07532672
0.02,4,random,22,0.001769472,0.5,0.495
0.02,4,random,23,0,0.92467328,0.07532672
0.02,4,random,24,0.001769472,0.5,0.495
0.02,4,random,25,0.001769472,0.5,0.495
0.02,4,random,26,0.001769472,0.5,0.495
0.02,4,random,27,0,0.92467328,0.07532672
0.02,4,random,28,0.00884736,0.5,0.499
0.02,4,random,29,0.001769472,0.5,0.495
0.02,4,random,3,0,0.92467328,0.07532672
0.02,4,random,30,0.00884736,0.5,0.499
0.02,4,random,31,0.00884736,0.5,0.499
0.02,4,random,32,0.001769472,0.5,0.495
0.02,4,random,33,0,0.92467328,0.07532672
0.02,4,random,34,0.001769472,0.5,0.495
0.02,4,random,35,0.001769472,0.5,0.495
0.02,4,random,36,0.00884736,0.5,0.499
0.02,4,random,37,0,0.92467328,0.07532672
0.02,4,random,38,0.00884736,0.5,0.499
0.02,4,random,39,0,0.92467328,0.07532672
0.02,4,random,4,0.00884736,0.5,0.499
0.02,4,random,40,0,0.92467328,0.07532672
0.02,4,random,41,0.00884736,0.5,0.499
0.02,4,random,42,0.001769472,0.5,0.495
0.02,4,random,43,0.00884736,0.5,0.499
0.02,4,random,44,0,0.92467328,0.07532672
0.02,4,random,45,0.00884736,0.5,0.499
0.02,4,random,46,0,0.92467328,0.07532672
0.02,4,random,47,0.00884736,0.5,0.499
0.02,4,random,48,0.00884736,0.5,0.499
0.02,4,random,49,0,0.92467328,0.07532672
0.02,4,random,5,0,0.92467328,0.07532672
0.02,4,random,50,0.001769472,0.5,0.495
0.02,4,random,51,0.00884736,0.5,0.499
0.02,4,random,52,0,0.92467328,0.07532672
0.02,4,random,53,0.001769472,0.5,0.495
0.02,4,random,54,0.001769472,0.5,0.495
0.02,4,random,55,0.00884736,0.5,0.499
0.02,4,random,56,0.001769472,0.5,0.495
0.02,4,random,57,0.00884736,0.5,0.499
0.02,4,random,58,0.001769472,0.5,0.495
0.02,4,random,59,0.001769472,0.5,0.495
0.02,4,random,6,0.001769472,0.5,0.495
0.02,4,random,7,0.001769472,0.5,0.495
0.02,4,random,8,0,0.92467328,0.07532672
0.02,4,random,9,0.001769472,0.5,0.495
0.05,1,and,,0.293333333333,0.7325,0.328333333333
0.05,1,parity,,1.11022302463e-16,0.95,0.05
0.05,1,random,0,0.025,0.5,0.4975
0.05,1,random,1,0.005,0.5,0.4875
0.05,1,random,10,1.11022302463e-16,0.95,0.05
0.05,1,random,11,0.005,0.5,0.4875
0.05,1,random,12,0.005,0.5,0.4875
0.05,1,random,13,0.025,0.5,0.4975
0.05,1,random,14,1.11022302463e-16,0.95,0.05
0.05,1,random,15,1.11022302463e-16,0.95,0.05
0.05,1,random,16,0.025,0.5,0.4975
0.05,1,random,17,1.11022302463e-16,0.95,0.05
0.05,1,random,18,1.11022302463e-16,0.95,0.05
0.05,1,random,19,0.005,0.5,0.4875
0.05,1,random,2,0.005,0.5,0.4875
0.05,1,random,20,1.11022302463e-16,0.95,0.05
0.05,1,random,21,0.025,0.5,0.4975
0.05,1,random,22,1.11022302463e-16,0.95,0.05
0.05,1,random,23,1.11022302463e-16,0.95,0.05
0.05,1,random,24,0.005,0.5,0.4875
0.05,1,random,25,0.025,0.5,0.4975
0.05,1,random,26,0.025,0.5,0.4975
0.05,1,random,27,1.11022302463e-16,0.95,0.05
0.05,1,random,28,0.005,0.5,0.4875
0.05,1,random,29,1.11022302463e-16,0.95,0.05
0.05,1,random,3,1.11022302463e-16,0.95,0.05
0.05,1,random,30,0.005,0.5,0.4875
0.05,1,random,31,0.005,0.5,0.4875
0.05,1,random,32,0.025,0.5,0.4975
0.05,1,random,33,1.11022302463e-16,0.95,0.05
0.05,1,random,34,0.005,0.5,0.4875
0.05,1,random,35,1.11022302463e-16,0.95,0.05
0.05,1,random,36,0.025,0.5,0.4975
0.05,1,random,37,0.025,0.5,0.4975
0.05,1,random,38,1.11022302463e-16,0.95,0.05
0.05,1,random,39,1.11022302463e-16,0.95,0.05
0.05,1,random,4,1.11022302463e-16,0.95,0.05
0.05,1,random,40,1.11022302463e-16,0.95,0.05
0.05,1,random,41,0.005,0.5,0.4875
0.05,1,random,42,0.005,0.5,0.4875
0.05,1,random,43,0.005,0.5,0.4875
0.05,1,random,44,1.11022302463e-16,0.95,0.05
0.05,1,random,45,1.11022302463e-16,0.95,0.05
0.05,1,random,46,0.025,0.5,0.4975
0.05,1,random,47,1.11022302463e-16,0.95,0.05
0.05,1,random,48,1.11022302463e-16,0.95,0.05
0.05,1,random,49,0.005,0.5,0.4875
0.05,1,random,5,1.11022302463e-16,0.95,0.05
0.05,1,random,50,0.025,0.5,0.4975
0.05,1,random,51,0.025,0.5,0.4975
0.05,1,random,52,0.005,0.5,0.4875
0.05,1,random,53,0.005,0.5,0.4875
0.05,1,random,54,0.025,0.5,0.4975
0.05,1,random,55,0.005,0.5,0.4875
0.05,1,random,56,0.005,0.5,0.4875
0.05,1,random,57,0.005,0.5,0.4875
0.05,1,random,58,1.11022302463e-16,0.95,0.05
0.05,1,random,59,0.005,0.5,0.4875
0.05,1,random,6,0.025,0.5,0.4975
0.05,1,random,7,1.11022302463e-16,0.95,0.05
0.05,1,random,8,0.025,0.5,0.4975
0.05,1,random,9,0.005,0.5,0.4875
0.05,2,and,,0.264,0.7215,0.321
0.05,2,parity,,1.11022302463e-16,0.905,0.095
0.05,2,random,0,0.0225,0.5,0.4975
0.05,2,random,1,1.11022302463e-16,0.905,0.095
0.05,2,random,10,0.0225,0.5,0.4975
0.05,2,random,11,1.11022302463e-16,0.905,0.095
0.05,2,random,12,0.0045,0.5,0.4875
0.05,2,random,13,1.11022302463e-16,0.905,0.095
0.05,2,random,14,0.0045,0.5,0.4875
0.05,2,random,15,0.0045,0.5,0.4875
0.05,2,random,16,1.11022302463e-16,0.905,0.095
0.05,2,random,17,1.11022302463e-16,0.905,0.095
0.05,2,random,18,0.0225,0.5,0.4975
0.05,2,random,19,0.0225,0.5,0.4975
0.05,2,random,2,0.0225,0.5,0.4975
0.05,2,random,20,1.11022302463e-16,0.905,0.095
0.05,2,random,21,0.0225,0.5,0.4975
0.05,2,random,22,0.0225,0.5,0.4975
0.05,2,random,23,0.0045,0.5,0.4875
0.05,2,random,24,1.11022302463e-16,0.905,0.095
0.05,2,random,25,1.11022302463e-16,0.905,0.095
0.05,2,random,26,0.0225,0.5,0.4975
0.05,2,random,27,0.0045,0.5,0.4875
0.05,2,random,28,1.11022302463e-16,0.905,0.095
0.05,2,random,29,0.0225,0.5,0.4975
0.05,2,random,3,1.11022302463e-16,0.905,0.095
0.05,2,random,30,0.0045,0.5,0.4875
0.05,2,random,31,0.0225,0.5,0.4975
0.05,2,random,32,1.11022302463e-16,0.905,0.095
0.05,2,random,33,0.0225,0.5,0.4975
0.05,2,random,34,0.0225,0.5,0.4975
0.05,2,random,35,1.11022302463e-16,0.905,0.095
0.05,2,random,36,1.11022302463e-16,0.905,0.095
0.05,2,random,37,0.0045,0.5,0.4875
0.05,2,random,38,0.0045,0.5,0.4875
0.05,2,random,39,0.0045,0.5,0.4875
0.05,2,random,4,0.0045,0.5,0.4875
0.05,2,random,40,0.0045,0.5,0.4875
0.05,2,random,41,0.0225,0.5,0.4975
0.05,2,random,42,0.0225,0.5,0.4975
0.05,2,random,43,1.11022302463e-16,0.905,0.095
0.05,2,random,44,1.11022302463e-16,0.905,0.095
0.05,2,random,45,0.0045,0.5,0.4875
0.05,2,random,46,1.11022302463e-16,0.905,0.095
0.05,2,random,47,0.0045,0.5,0.4875
0.05,2,random,48,0.0045,0.5,0.4875
0.05,2,random,49,0.0225,0.5,0.4975
0.05,2,random,5,0.0045,0.5,0.4875
0.05,2,random,50,0.0045,0.5,0.4875
0.05,2,random,51,1.11022302463e-16,0.905,0.095
0.05,2,random,52,0.0225,0.5,0.4975
0.05,2,random,53,1.11022302463e-16,0.905,0.095
0.05,2,random,54,0.0045,0.5,0.4875
0.05,2,random,55,0.0225,0.5,0.4975
0.05,2,random,56,0.0225,0.5,0.4975
0.05,2,random,57,1.11022302463e-16,0.905,0.095
0.05,2,random,58,0.0225,0.5,0.4975
0.05,2,random,59,1.11022302463e-16,0.905,0.095
0.05,2,random,6,1.11022302463e-16,0.905,0.095
0.05,2,random,7,0.0045,0.5,0.4875
0.05,2,random,8,0.0225,0.5,0.4975
0.05,2,random,9,0.0045,0.5,0.4875
0.05,4,and,,0.21384,0.70269,0.30846
0.05,4,parity,,6.93889390391e-17,0.82805,0.17195
0.05,4,random,0,0.018225,0.5,0.4975
0.05,4,random,1,0.003645,0.5,0.4875
0.05,4,random,10,0.018225,0.5,0.4975
0.05,4,random,11,6.93889390391e-17,0.82805,0.17195
0.05,4,random,12,0.018225,0.5,0.4975
0.05,4,random,13,0.018225,0.5,0.4975
0.05,4,random,14,0.018225,0.5,0.4975
0.05,4,random,15,0.018225,0.5,0.4975
0.05,4,random,16,0.003645,0.5,0.4875
0.05,4,random,17,0.003645,0.5,0.4875
0.05,4,random,18,6.93889390391e-17,0.82805,0.17195
0.05,4,random,19,0.018225,0.5,0.4975
0.05,4,random,2,0.018225,0.5,0.4975
0.05,4,random,20,6.93889390391e-17,0.82805,0.17195
0.05,4,random,21,6.93889390391e-17,0.82805,0.17195
0.05,4,random,22,0.003645,0.5,0.4875
0.05,4,random,23,0.003645,0.5,0.4875
0.05,4,random,24,0.018225,0.5,0.4975
0.05,4,random,25,0.003645,0.5,0.4875
0.05,4,random,26,0.003645,0.5,0.4875
0.05,4,random,27,0.003645,0.5,0.4875
0.05,4,random,28,6.93889390391e-17,0.82805,0.17195
0.05,4,random,29,6.93889390391e-17,0.82805,0.17195
0.05,4,random,3,0.018225,0.5,0.4975
0.05,4,random,30,0.003645,0.5,0.4875
0.05,4,random,31,0.003645,0.5,0.4875
0.05,4,random,32,0.018225,0.5,0.4975
0.05,4,random,33,0.003645,0.5,0.4875
0.05,4,random,34,6.93889390391e-17,0.82805,0.17195
0.05,4,random,35,6.93889390391e-17,0.82805,0.17195
0.05,4,random,36,6.93889390391e-17,0.82805,0.17195
0.05,4,random,37,6.93889390391e-17,0.82805,0.17195
0.05,4,random,38,0.003645,0.5,0.4875
0.05,4,random,39,6.93889390391e-17,0.82805,0.17195
0.05,4,random,4,0.018225,0.5,0.4975
0.05,4,random,40,6.93889390391e-17,0.82805,0.17195
0.05,4,random,41,0.018225,0.5,0.4975
0.05,4,random,42,0.003645,0.5,0.4875
0.05,4,random,43,0.018225,0.5,0.4975
0.05,4,random,44,0.003645,0.5,0.4875
0.05,4,random,45,0.003645,0.5,0.4875
0.05,4,random,46,0.003645,0.5,0.4875
0.05,4,random,47,0.018225,0.5,0.4975
0.05,4,random,48,0.003645,0.5,0.4875
0.05,4,random,49,6.93889390391e-17,0.82805,0.17195
0.05,4,random,5,0.003645,0.5,0.4875
0.05,4,random,50,0.003645,0.5,0.4875
0.05,4,random,51,0.018225,0.5,0.4975
0.05,4,random,52,0.018225,0.5,0.4975
0.05,4,random,53,0.018225,0.5,0.4975
0.05,4,random,54,0.003645,0.5,0.4875
0.05,4,random,55,0.018225,0.5,0.4975
0.05,4,random,56,6.93889390391e-17,0.82805,0.17195
0.05,4,random,57,0.018225,0.5,0.4975
0.05,4,random,58,6.93889390391e-17,0.82805,0.17195
0.05,4,random,59,6.93889390391e-17,0.82805,0.17195
0.05,4,random,6,0.003645,0.5,0.4875
0.05,4,random,7,0.003645,0.5,0.4875
0.05,4,random,8,6.93889390391e-17,0.82805,0.17195
0.05,4,random,9,6.93889390391e-17,0.82805,0.17195
0.1,1,and,,0.253333333333,0.715,0.323333333333
0.1,1,parity,,0,0.9,0.1
0.1,1,random,0,0.01,0.5,0.475
0.1,1,random,1,0,0.9,0.1
0.1,1,random,10,0.05,0.5,0.495
0.1,1,random,11,0.05,0.5,0.495
0.1,1,random,12,0.05,0.5,0.495
0.1,1,random,13,0.05,0.5,0.495
0.1,1,random,14,0.01,0.5,0.475
0.1,1,random,15,0.05,0.5,0.495
0.1,1,random,16,0.05,0.5,0.495
0.1,1,random,17,0,0.9,0.1
0.1,1,random,18,0.01,0.5,0.475
0.1,1,random,19,0.05,0.5,0.495
0.1,1,random,2,0.05,0.5,0.495
0.1,1,random,20,0,0.9,0.1
0.1,1,random,21,0.05,0.5,0.495
0.1,1,random,22,0.01,0.5,0.475
0.1,1,random,23,0.05,0.5,0.495
0.1,1,random,24,0.05,0.5,0.495
0.1,1,random,25,0,0.9,0.1
0.1,1,random,26,0.01,0.5,0.475
0.1,1,random,27,0.05,0.5,0.495
0.1,1,random,28,0,0.9,0.1
0.1,1,random,29,0,0.9,0.1
0.1,1,random,3,0.01,0.5,0.475
0.1,1,random,30,0.01,0.5,0.475
0.1,1,random,31,0.05,0.5,0.495
0.1,1,random,32,0.01,0.5,0.475
0.1,1,random,33,0.05,0.5,0.495
0.1,1,random,34,0,0.9,0.1
0.1,1,random,35,0.01,0.5,0.475
0.1,1,random,36,0,0.9,0.1
0.1,1,random,37,0.01,0.5,0.475
0.1,1,random,38,0.05,0.5,0.495
0.1,1,random,39,0.05,0.5,0.495
0.1,1,random,4,0.01,0.5,0.475
0.1,1,random,40,0.01,0.5,0.475
0.1,1,random,41,0.05,0.5,0.495
0.1,1,random,42,0,0.9,0.1
0.1,1,random,43,0.01,0.5,0.475
0.1,1,random,44,0,0.9,0.1
0.1,1,random,45,0.01,0.5,0.475
0.1,1,random,46,0,0.9,0.1
0.1,1,random,47,0.05,0.5,0.495
0.1,1,random,48,0.01,0.5,0.475
0.1,1,random,49,0.01,0.5,0.475
0.1,1,random,5,0.01,0.5,0.475
0.1,1,random,50,0,0.9,0.1
0.1,1,random,51,0.05,0.5,0.495
0.1,1,random,52,0.01,0.5,0.475
0.1,1,random,53,0,0.9,0.1
0.1,1,random,54,0.01,0.5,0.475
0.1,1,random,55,0.05,0.5,0.495
0.1,1,random,56,0.01,0.5,0.475
0.1,1,random,57,0.05,0.5,0.495
0.1,1,random,58,0.05,0.5,0.495
0.1,1,random,59,0,0.9,0.1
0.1,1,random,6,0.05,0.5,0.495
0.1,1,random,7,0.01,0.5,0.475
0.1,1,random,8,0,0.9,0.1
0.1,1,random,9,0.01,0.5,0.475
0.1,2,and,,0.202666666667,0.696,0.310666666667
0.1,2,parity,,6.93889390391e-17,0.82,0.18
0.1,2,random,0,6.93889390391e-17,0.82,0.18
0.1,2,random,1,0.04,0.5,0.495
0.1,2,random,10,6.93889390391e-17,0.82,0.18
0.1,2,random,11,6.93889390391e-17,0.82,0.18
0.1,2,random,12,0.008,0.5,0.475
0.1,2,random,13,0.008,0.5,0.475
0.1,2,random,14,0.008,0.5,0.475
0.1,2,random,15,0.04,0.5,0.495
0.1,2,random,16,0.04,0.5,0.495
0.1,2,random,17,6.93889390391e-17,0.82,0.18
0.1,2,random,18,0.04,0.5,0.495
0.1,2,random,19,0.008,0.5,0.475
0.1,2,random,2,0.008,0.5,0.475
0.1,2,random,20,0.008,0.5,0.475
0.1,2,random,21,0.04,0.5,0.495
0.1,2,random,22,6.93889390391e-17,0.82,0.18
0.1,2,random,23,0.008,0.5,0.475
0.1,2,random,24,6.93889390391e-17,0.82,0.18
0.1,2,random,25,0.04,0.5,0.495
0.1,2,random,26,0.008,0.5,0.475
0.1,2,random,27,0.008,0.5,0.475
0.1,2,random,28,6.93889390391e-17,0.82,0.18
0.1,2,random,29,0.008,0.5,0.475
0.1,2,random,3,0.04,0.5,0.495
0.1,2,random,30,0.04,0.5,0.495
0.1,2,random,31,0.04,0.5,0.495
0.1,2,random,32,0.008,0.5,0.475
0.1,2,random,33,0.008,0.5,0.475
0.1,2,random,34,0.008,0.5,0.475
0.1,2,random,35,0.008,0.5,0.475
0.1,2,random,36,0.04,0.5,0.495
0.1,2,random,37,0.04,0.5,0.495
0.1,2,random,38,0.04,0.5,0.495
0.1,2,random,39,0.04,0.5,0.495
0.1,2,random,4,0.04,0.5,0.495
0.1,2,random,40,0.008,0.5,0.475
0.1,2,random,41,0.04,0.5,0.495
0.1,2,random,42,0.04,0.5,0.495
0.1,2,random,43,0.008,0.5,0.475
0.1,2,random,44,0.04,0.5,0.495
0.1,2,random,45,0.04,0.5,0.495
0.1,2,random,46,6.93889390391e-17,0.82,0.18
0.1,2,random,47,0.008,0.5,0.475
0.1,2,random,48,0.04,0.5,0.495
0.1,2,random,49,0.04,0.5,0.495
0.1,2,random,5,6.93889390391e-17,0.82,0.18
0.1,2,random,50,0.04,0.5,0.495
0.1,2,random,51,0.008,0.5,0.475
0.1,2,random,52,0.04,0.5,0.495
0.1,2,random,53,0.04,0.5,0.495
0.1,2,random,54,6.93889390391e-17,0.82,0.18
0.1,2,random,55,6.93889390391e-17,0.82,0.18
0.1,2,random,56,0.008,0.5,0.475
0.1,2,random,57,6.93889390391e-17,0.82,0.18
0.1,2,random,58,6.93889390391e-17,0.82,0.18
0.1,2,random,59,6.93889390391e-17,0.82,0.18
0.1,2,random,6,6.93889390391e-17,0.82,0.18
0.1,2,random,7,0.008,0.5,0.475
0.1,2,random,8,6.93889390391e-17,0.82,0.18
0.1,2,random,9,0.04,0.5,0.495
0.1,4,and,,0.129706666667,0.66864,0.292426666667
0.1,4,parity,,8.32667268469e-17,0.7048,0.2952
0.1,4,random,0,8.32667268469e-17,0.7048,0.2952
0.1,4,random,1,8.32667268469e-17,0.7048,0.2952
0.1,4,random,10,8.32667268469e-17,0.7048,0.2952
0.1,4,random,11,0.00512,0.5,0.475
0.1,4,random,12,0.00512,0.5,0.475
0.1,4,random,13,8.32667268469e-17,0.7048,0.2952
0.1,4,random,14,0.00512,0.5,0.475
0.1,4,random,15,8.32667268469e-17,0.7048,0.2952
0.1,4,random,16,0.00512,0.5,0.475
0.1,4,random,17,0.00512,0.5,0.475
0.1,4,random,18,8.32667268469e-17,0.7048,0.2952
0.1,4,random,19,0.0256,0.5,0.495
0.1,4,random,2,0.0256,0.5,0.495
0.1,4,random,20,8.32667268469e-17,0.7048,0.2952
0.1,4,random,21,0.0256,0.5,0.495
0.1,4,random,22,0.0256,0.5,0.495
0.1,4,random,23,0.0256,0.5,0.495
0.1,4,random,24,0.00512,0.5,0.475
0.1,4,random,25,8.32667268469e-17,0.7048,0.2952
0.1,4,random,26,8.32667268469e-17,0.7048,0.2952
0.1,4,random,27,8.32667268469e-17,0.7048,0.2952
0.1,4,random,28,8.32667268469e-17,0.7048,0.2952
0.1,4,random,29,0.00512,0.5,0.475
0.1,4,random,3,0.00512,0.5,0.475
0.1,4,random,30,8.32667268469e-17,0.7048,0.2952
0.1,4,random,31,0.00512,0.5,0.475
0.1,4,random,32,8.32667268469e-17,0.7048,0.2952
0.1,4,random,33,0.0256,0.5,0.495
0.1,4,random,34,8.32667268469e-17,0.7048,0.2952
0.1,4,random,35,0.00512,0.5,0.475
0.1,4,random,36,0.0256,0.5,0.495
0.1,4,random,37,0.00512,0.5,0.475
0.1,4,random,38,0.0256,0.5,0.495
0.1,4,random,39,0.0256,0.5,0.495
0.1,4,random,4,0.00512,0.5,0.475
0.1,4,random,40,0.00512,0.5,0.475
0.1,4,random,41,0.0256,0.5,0.495
0.1,4,random,42,0.0256,0.5,0.495
0.1,4,random,43,8.32667268469e-17,0.7048,0.2952
0.1,4,random,44,0.0256,0.5,0.495
0.1,4,random,45,0.00512,0.5,0.475
0.1,4,random,46,8.32667268469e-17,0.7048,0.2952
0.1,4,random,47,0.00512,0.5,0.475
0.1,4,random,48,0.00512,0.5,0.475
0.1,4,random,49,0.0256,0.5,0.495
0.1,4,random,5,0.00512,0.5,0.475
0.1,4,random,50,0.00512,0.5,0.475
0.1,4,random,51,0.00512,0.5,0.475
0.1,4,random,52,0.0256,0.5,0.495
0.1,4,random,53,8.32667268469e-17,0.7048,0.2952
0.1,4,random,54,0.0256,0.5,0.495
0.1,4,random,55,0.00512,0.5,0.475
0.1,4,random,56,0.00512,0.5,0.475
0.1,4,random,57,0.0256,0.5,0.495
0.1,4,random,58,8.32667268469e-17,0.7048,0.2952
0.1,4,random,59,0.0256,0.5,0.495
0.1,4,random,6,8.32667268469e-17,0.7048,0.2952
0.1,4,random,7,8.32667268469e-17,0.7048,0.2952
0.1,4,random,8,8.32667268469e-17,0.7048,0.2952
0.1,4,random,9,0.0256,0.5,0.495
0.2,1,and,,0.173333333333,0.68,0.313333333333
0.2,1,parity,,0,0.8,0.2
0.2,1,random,0,0.02,0.5,0.45
0.2,1,random,1,0.02,0.5,0.45
0.2,1,random,10,0.1,0.5,0.49
0.2,1,random,11,0.02,0.5,0.45
0.2,1,random,12,0.02,0.5,0.45
0.2,1,random,13,0.1,0.5,0.49
0.2,1,random,14,0,0.8,0.2
0.2,1,random,15,0.02,0.5,0.45
0.2,1,random,16,0.1,0.5,0.49
0.2,1,random,17,0.02,0.5,0.45
0.2,1,random,18,0,0.8,0.2
0.2,1,random,19,0,0.8,0.2
0.2,1,random,2,0.1,0.5,0.49
0.2,1,random,20,0.02,0.5,0.45
0.2,1,random,21,0.1,0.5,0.49
0.2,1,random,22,0,0.8,0.2
0.2,1,random,23,0,0.8,0.2
0.2,1,random,24,0.1,0.5,0.49
0.2,1,random,25,0.1,0.5,0.49
0.2,1,random,26,0.1,0.5,0.49
0.2,1,random,27,0,0.8,0.2
0.2,1,random,28,0.1,0.5,0.49
0.2,1,random,29,0.02,0.5,0.45
0.2,1,random,3,0.1,0.5,0.49
0.2,1,random,30,0.1,0.5,0.49
0.2,1,random,31,0.1,0.5,0.49
0.2,1,random,32,0,0.8,0.2
0.2,1,random,33,0.1,0.5,0.49
0.2,1,random,34,0.02,0.5,0.45
0.2,1,random,35,0.1,0.5,0.49
0.2,1,random,36,0,0.8,0.2
0.2,1,random,37,0.1,0.5,0.49
0.2,1,random,38,0.1,0.5,0.49
0.2,1,random,39,0.02,0.5,0.45
0.2,1,random,4,0,0.8,0.2
0.2,1,random,40,0,0.8,0.2
0.2,1,random,41,0.1,0.5,0.49
0.2,1,random,42,0.02,0.5,0.45
0.2,1,random,43,0,0.8,0.2
0.2,1,random,44,0.1,0.5,0.49
0.2,1,random,45,0,0.8,0.2
0.2,1,random,46,0.02,0.5,0.45
0.2,1,random,47,0,0.8,0.2
0.2,1,random,48,0,0.8,0.2
0.2,1,random,49,0.02,0.5,0.45
0.2,1,random,5,0.02,0.5,0.45
0.2,1,random,50,0.1,0.5,0.49
0.2,1,random,51,0.02,0.5,0.45
0.2,1,random,52,0,0.8,0.2
0.2,1,random,53,0.02,0.5,0.45
0.2,1,random,54,0.1,0.5,0.49
0.2,1,random,55,0.1,0.5,0.49
0.2,1,random,56,0,0.8,0.2
0.2,1,random,57,0.02,0.5,0.45
0.2,1,random,58,0,0.8,0.2
0.2,1,random,59,0.1,0.5,0.49
0.2,1,random,6,0.02,0.5,0.45
0.2,1,random,7,0.02,0.5,0.45
0.2,1,random,8,0.02,0.5,0.45
0.2,1,random,9,0,0.8,0.2
0.2,2,and,,0.104,0.654,0.296
0.2,2,parity,,1.38777878078e-16,0.68,0.32
0.2,2,random,0,0.06,0.5,0.49
0.2,2,random,1,0.012,0.5,0.45
0.2,2,random,10,0.06,0.5,0.49
0.2,2,random,11,0.06,0.5,0.49
0.2,2,random,12,0.012,0.5,0.45
0.2,2,random,13,0.012,0.5,0.45
0.2,2,random,14,0.06,0.5,0.49
0.2,2,random,15,0.012,0.5,0.45
0.2,2,random,16,0.06,0.5,0.49
0.2,2,random,17,1.38777878078e-16,0.68,0.32
0.2,2,random,18,0.06,0.5,0.49
0.2,2,random,19,0.06,0.5,0.49
0.2,2,random,2,1.38777878078e-16,0.68,0.32
0.2,2,random,20,0.012,0.5,0.45
0.2,2,random,21,0.06,0.5,0.49
0.2,2,random,22,1.38777878078e-16,0.68,0.32
0.2,2,random,23,0.06,0.5,0.49
0.2,2,random,24,0.06,0.5,0.49
0.2,2,random,25,1.38777878078e-16,0.68,0.32
0.2,2,random,26,0.012,0.5,0.45
0.2,2,random,27,0.06,0.5,0.49
0.2,2,random,28,0.06,0.5,0.49
0.2,2,random,29,1.38777878078e-16,0.68,0.32
0.2,2,random,3,0.06,0.5,0.49
0.2,2,random,30,0.06,0.5,0.49
0.2,2,random,31,1.38777878078e-16,0.68,0.32
0.2,2,random,32,1.38777878078e-16,0.68,0.32
0.2,2,random,33,0.012,0.5,0.45
0.2,2,random,34,1.38777878078e-16,0.68,0.32
0.2,2,random,35,1.38777878078e-16,0.68,0.32
0.2,2,random,36,0.012,0.5,0.45
0.2,2,random,37,0.012,0.5,0.45
0.2,2,random,38,0.06,0.5,0.49
0.2,2,random,39,0.06,0.5,0.49
0.2,2,random,4,0.012,0.5,0.45
0.2,2,random,40,1.38777878078e-16,0.68,0.32
0.2,2,random,41,0.012,0.5,0.45
0.2,2,random,42,1.38777878078e-16,0.68,0.32
0.2,2,random,43,0.012,0.5,0.45
0.2,2,random,44,1.38777878078e-16,0.68,0.32
0.2,2,random,45,0.06,0.5,0.49
0.2,2,random,46,0.06,0.5,0.49
0.2,2,random,47,1.38777878078e-16,0.68,0.32
0.2,2,random,48,1.38777878078e-16,0.68,0.32
0.2,2,random,49,0.06,0.5,0.49
0.2,2,random,5,0.012,0.5,0.45
0.2,2,random,50,1.38777878078e-16,0.68,0.32
0.2,2,random,51,1.38777878078e-16,0.68,0.32
0.2,2,random,52,0.012,0.5,0.45
0.2,2,random,53,1.38777878078e-16,0.68,0.32
0.2,2,random,54,0.012,0.5,0.45
0.2,2,random,55,1.38777878078e-16,0.68,0.32
0.2,2,random,56,0.06,0.5,0.49
0.2,2,random,57,0.06,0.5,0.49
0.2,2,random,58,0.012,0.5,0.45
0.2,2,random,59,0.012,0.5,0.45
0.2,2,random,6,1.38777878078e-16,0.68,0.32
0.2,2,random,7,1.38777878078e-16,0.68,0.32
0.2,2,random,8,0.06,0.5,0.49
0.2,2,random,9,0.06,0.5,0.49
0.2,4,and,,0.03744,0.62904,0.27936
0.2,4,parity,,2.77555756156e-17,0.5648,0.4352
0.2,4,random,0,2.77555756156e-17,0.5648,0.4352
0.2,4,random,1,0.0216,0.5,0.49
0.2,4,random,10,0.00432,0.5,0.45
0.2,4,random,11,0.0216,0.5,0.49
0.2,4,random,12,2.77555756156e-17,0.5648,0.4352
0.2,4,random,13,0.00432,0.5,0.45
0.2,4,random,14,0.00432,0.5,0.45
0.2,4,random,15,0.00432,0.5,0.45
0.2,4,random,16,0.00432,0.5,0.45
0.2,4,random,17,0.0216,0.5,0.49
0.2,4,random,18,2.77555756156e-17,0.5648,0.4352
0.2,4,random,19,0.0216,0.5,0.49
0.2,4,random,2,0.0216,0.5,0.49
0.2,4,random,20,2.77555756156e-17,0.5648,0.4352
0.2,4,random,21,0.0216,0.5,0.49
0.2,4,random,22,2.77555756156e-17,0.5648,0.4352
0.2,4,random,23,0.00432,0.5,0.45
0.2,4,random,24,0.0216,0.5,0.49
0.2,4,random,25,0.0216,0.5,0.49
0.2,4,random,26,0.00432,0.5,0.45
0.2,4,random,27,2.77555756156e-17,0.5648,0.4352
0.2,4,random,28,2.77555756156e-17,0.5648,0.4352
0.2,4,random,29,0.0216,0.5,0.49
0.2,4,random,3,2.77555756156e-17,0.5648,0.4352
0.2,4,random,30,0.00432,0.5,0.45
0.2,4,random,31,0.0216,0.5,0.49
0.2,4,random,32,0.00432,0.5,0.45
0.2,4,random,33,0.00432,0.5,0.45
0.2,4,random,34,0.00432,0.5,0.45
0.2,4,random,35,0.0216,0.5,0.49
0.2,4,random,36,0.0216,0.5,0.49
0.2,4,random,37,0.0216,0.5,0.49
0.2,4,random,38,0.00432,0.5,0.45
0.2,4,random,39,0.00432,0.5,0.45
0.2,4,random,4,0.00432,0.5,0.45
0.2,4,random,40,2.77555756156e-17,0.5648,0.4352
0.2,4,random,41,0.00432,0.5,0.45
0.2,4,random,42,0.0216,0.5,0.49
0.2,4,random,43,0.00432,0.5,0.45
0.2,4,random,44,2.77555756156e-17,0.5648,0.4352
0.2,4,random,45,0.0216,0.5,0.49
0.2,4,random,46,0.0216,0.5,0.49
0.2,4,random,47,0.0216,0.5,0.49
0.2,4,random,48,2.77555756156e-17,0.5648,0.4352
0.2,4,random,49,0.00432,0.5,0.45
0.2,4,random,5,0.00432,0.5,0.45
0.2,4,random,50,2.77555756156e-17,0.5648,0.4352
0.2,4,random,51,0.00432,0.5,0.45
0.2,4,random,52,2.77555756156e-17,0.5648,0.4352
0.2,4,random,53,2.77555756156e-17,0.5648,0.4352
0.2,4,random,54,0.0216,0.5,0.49
0.2,4,random,55,2.77555756156e-17,0.5648,0.4352
0.2,4,random,56,0.0216,0.5,0.49
0.2,4,random,57,0.00432,0.5,0.45
0.2,4,random,58,0.00432,0.5,0.45
0.2,4,random,59,2.77555756156e-17,0.5648,0.4352
0.2,4,random,6,0.0216,0.5,0.49
0.2,4,random,7,0.00432,0.5,0.45
0.2,4,random,8,0.00432,0.5,0.45
0.2,4,random,9,0.00432,0.5,0.45
